{"wn_std": 0.15, "week_days": {"0": 0.89, "1": 0.92, "2": 0.95, "3": 0.91, "4": 1.11, "5": 1.15, "6": 1.2}, "holidays": {"Christmas_day": 6.797937385226552, "Easter Monday": 6.816569011727694, "All Saints' Day": 5.358059147758771, "International Workers' Day": 5.584249821568994, "Liberation Day": 4.947472314718389}, "sin_config": {"wavelength": 366, "amplitude": 0.2, "phase": 0, "mean": 0.5}}