{"wn_std": 0.15, "week_days": {"0": 0.89, "1": 0.92, "2": 0.95, "3": 0.91, "4": 1.11, "5": 1.15, "6": 1.2}, "holidays": {"Christmas_day": 4.674297046786366, "Easter Monday": 7.292979059426571, "All Saints' Day": 4.620964963598899, "International Workers' Day": 6.270050322994291, "Liberation Day": 6.752667161202353}, "sin_config": {"wavelength": 366, "amplitude": 0.2, "phase": 0, "mean": 0.5}}