{"wn_std": 0.15, "week_days": {"0": 0.89, "1": 0.92, "2": 0.95, "3": 0.91, "4": 1.11, "5": 1.15, "6": 1.2}, "holidays": {"Christmas_day": 5.86356918493036, "Easter Monday": 5.92918848336571, "All Saints' Day": 6.177183713200523, "International Workers' Day": 5.024700209090801, "Liberation Day": 5.646002705714952}, "sin_config": {"wavelength": 366, "amplitude": 0.2, "phase": 0, "mean": 0.5}}