{"wn_std": 0.15, "week_days": {"0": 0.89, "1": 0.92, "2": 0.95, "3": 0.91, "4": 1.11, "5": 1.15, "6": 1.2}, "holidays": {"Christmas_day": 6.61422989451741, "Easter Monday": 5.6934154950779785, "All Saints' Day": 7.6647461184843175, "International Workers' Day": 4.352202584449247, "Liberation Day": 5.102511281249034}, "sin_config": {"wavelength": 366, "amplitude": 0.2, "phase": 0, "mean": 0.5}}