{"wn_std": 0.15, "week_days": {"0": 0.89, "1": 0.92, "2": 0.95, "3": 0.91, "4": 1.11, "5": 1.15, "6": 1.2}, "holidays": {"Christmas_day": 6.79068309095764, "Easter Monday": 7.070826918825617, "All Saints' Day": 5.275944610437884, "International Workers' Day": 5.139495915886681, "Liberation Day": 6.308664703796891}, "sin_config": {"wavelength": 366, "amplitude": 0.2, "phase": 0, "mean": 0.5}}