{"wn_std": 0.15, "week_days": {"0": 0.89, "1": 0.92, "2": 0.95, "3": 0.91, "4": 1.11, "5": 1.15, "6": 1.2}, "holidays": {"Christmas_day": 7.257256594940019, "Easter Monday": 5.913082874351652, "All Saints' Day": 5.922194697821458, "International Workers' Day": 5.935177000756145, "Liberation Day": 5.568620768438974}, "sin_config": {"wavelength": 366, "amplitude": 0.2, "phase": 0, "mean": 0.5}}