{"wn_std": 0.15, "week_days": {"0": 0.89, "1": 0.92, "2": 0.95, "3": 0.91, "4": 1.11, "5": 1.15, "6": 1.2}, "holidays": {"Christmas_day": 6.762573844577114, "Easter Monday": 5.146716910528996, "All Saints' Day": 6.744938633820625, "International Workers' Day": 6.303940727551161, "Liberation Day": 4.587033528997242}, "sin_config": {"wavelength": 366, "amplitude": 0.2, "phase": 0, "mean": 0.5}}