{"wn_std": 0.15, "week_days": {"0": 0.89, "1": 0.92, "2": 0.95, "3": 0.91, "4": 1.11, "5": 1.15, "6": 1.2}, "holidays": {"Christmas_day": 5.819025780345882, "Easter Monday": 6.401939864356719, "All Saints' Day": 7.0862715981527975, "International Workers' Day": 6.145796903288275, "Liberation Day": 5.58282067954296}, "sin_config": {"wavelength": 366, "amplitude": 0.2, "phase": 0, "mean": 0.5}}