{"wn_std": 0.15, "week_days": {"0": 0.89, "1": 0.92, "2": 0.95, "3": 0.91, "4": 1.11, "5": 1.15, "6": 1.2}, "holidays": {"Christmas_day": 7.231562690500607, "Easter Monday": 7.5626167003725735, "All Saints' Day": 6.858852393852399, "International Workers' Day": 4.98243238206873, "Liberation Day": 6.438685403398141}, "sin_config": {"wavelength": 366, "amplitude": 0.2, "phase": 0, "mean": 0.5}}