{"wn_std": 0.15, "week_days": {"0": 0.89, "1": 0.92, "2": 0.95, "3": 0.91, "4": 1.11, "5": 1.15, "6": 1.2}, "holidays": {"Christmas_day": 6.003120333576517, "Easter Monday": 6.441694589736943, "All Saints' Day": 5.410155587732305, "International Workers' Day": 5.857354661697032, "Liberation Day": 5.344663292396947}, "sin_config": {"wavelength": 366, "amplitude": 0.2, "phase": 0, "mean": 0.5}}